Name;Given_Name;Additional_Name;Family_Name;Yomi_Name;Given_Name_Yomi;Additional_Name_Yomi;Family_Name_Yomi;Name_Prefix;Name_Suffix;Initials;Nickname;Short_Name;Maiden_Name;Birthday;Gender;Location;Billing_Information;Directory_Server;Mileage;Occupation;Hobby;Sensitivity;Priority;Subject;Notes;Language;Photo;Group_Membership;E-mail_1_-_Type;E-mail_1_-_Value;E-mail_2_-_Type;E-mail_2_-_Value;E-mail_3_-_Type;E-mail_3_-_Value;Phone_1_-_Type;Phone_1_-_Value;DDD;Phone_2_-_Type;Phone_2_-_Value;Phone_3_-_Type;Phone_3_-_Value;Phone_4_-_Type;Phone_4_-_Value;Address_1_-_Type;Address_1_-_Formatted;Address_1_-_Street;Address_1_-_City;Address_1_-_PO_Box;Address_1_-_Region;Address_1_-_Postal_Code;Address_1_-_Country;Address_1_-_Extended_Address;Organization_1_-_Type;Organization_1_-_Name;Organization_1_-_Yomi_Name;Organization_1_-_Title;Organization_1_-_Department;Organization_1_-_Symbol;Organization_1_-_Location;Organization_1_-_Job_Description;Website_1_-_Type;Website_1_-_Value
Paulo;Paulo;;;;;;;;;;;;;;;;;;;;;;;;;;;Importado em 05/07 ;;;;;;;Mobile;554991639421;49;;;;;;;;;;;;;;;;; Bundy;;;; ;;; ; 
Claudio;Claudio;;Oliveira;;;;;;;;;;;;;;;;;;;;;;;;;Importado em 05/07 ;;;;;;;Mobile;555199851195;51;;;;;;;;;;;;;;;;;Quaker ;;;; ;;; ; 
Joao;Joao;;Moni da Silva;;;;;;;;;;;;;;;;;;;;;;;;;Importado em 05/07 ;* Other;moni@marcegaglia.com.br;;;;;Mobile;555181916933;51;Work;5,55E+11;;;;;;;;;;;;;;;Marcegaglia;;;; ;;; ; 
Vandemir;Vandemir;;Conradi;;;;;;;;;;;;;;;;;;;;;;;;;Importado em 05/07 ;;;;;;;Mobile;555496225726;54;;;;;;;;;;;;;;;;;Marcegaglia ;;;; ;;; ; 
Sintia;Sintia;;Parente;;;;;;;;;;;;;;;;;;;;;;;;;Importado em 05/07 ;;;;;;;Mobile;557196644769;71;;;;;;;;;;;;;;;;;PELICIOTTI ;;;; ;;; ; 
Mauro;Mauro;;Tolezi;;;;;;;;;;;;;;;;;;;;;;;;;Importado em 05/07 ;;;;;;;Mobile;558287149040;82;;;;;;;;;;;;;;;;;;;;;;;;;
Mauro;Mauro;;Carminati;;;;;;;;;;;;;;;;;;;;;;;;;Importado em 05/07 ;* Home;maurao_carminati@hotmail.com;;;;;Mobile;5585999014411;85;;;;;;;;;;;;;;;;;;;;;;;;;
